alpha2, delta, Delta
0.000000000000000000e+00,1.000000000000000000e+00,-0.000000000000000000e+00
1.111111111111111160e+00,9.355859073286937333e-01,3.310216258061008943e-01
3.333333333333333481e+00,7.265921700397151017e-01,6.497665179125459156e-01
5.555555555555555358e+00,5.946022440681809629e-01,7.731000643396902516e-01
1.000000000000000000e+01,4.567018860210879660e-01,8.920079164101883951e-01
