alpha2, delta, Delta
0.000000000000000000e+00,1.000000000000000000e+00,-0.000000000000000000e+00
1.111111111111111160e+00,9.211895686606310640e-01,3.747658214452181946e-01
3.333333333333333481e+00,6.874153328885129755e-01,7.177630249694132436e-01
5.555555555555555358e+00,5.456779248216203637e-01,8.567843880869040474e-01
1.000000000000000000e+01,3.942154980071785331e-01,1.009157973465815150e+00
